<?xml version='1.0' encoding='UTF-8' standalone='no'?>
<section xmlns="http://docbook.org/ns/docbook" version="5.0" xmlns:xlink="http://www.w3.org/1999/xlink" xml:id="_c_make_c_compiler_id_8c">
    <title>CMakeCCompilerId.c File Reference</title>
<para>Include dependency diagram for CMakeCCompilerId.c</para>
<para>
    <figure>
        <title>Dependency diagram</title>
        <mediaobject>
            <imageobject>
                <imagedata width="50%" align="center" valign="middle" scalefit="1" fileref="_c_make_c_compiler_id_8c__incl.png"></imagedata>
            </imageobject>
        </mediaobject>
    </figure>
</para>
<para>Included by dependency diagram for CMakeCCompilerId.c</para>
<para>
    <figure>
        <title>Dependency diagram</title>
        <mediaobject>
            <imageobject>
                <imagedata width="50%" align="center" valign="middle" scalefit="1" fileref="_c_make_c_compiler_id_8c__dep__incl.png"></imagedata>
            </imageobject>
        </mediaobject>
    </figure>
</para>
        <section>
            <title>Macros</title>
            <para>
                <itemizedlist>
                    <listitem>
                            <para>#define <link linkend="_c_make_c_compiler_id_8c_1a81dee0709ded976b2e0319239f72d174">COMPILER_ID</link> &quot;&quot;</para>
                    </listitem>
                </itemizedlist>
            </para>
            <para>
                <itemizedlist>
                    <listitem>
                            <para>#define <link linkend="_c_make_c_compiler_id_8c_1a2ae9b72bb13abaabfcf2ee0ba7d3fa1d">STRINGIFY_HELPER</link> #X</para>
                    </listitem>
                </itemizedlist>
            </para>
            <para>
                <itemizedlist>
                    <listitem>
                            <para>#define <link linkend="_c_make_c_compiler_id_8c_1a43e1cad902b6477bec893cb6430bd6c8">STRINGIFY</link> <link linkend="_c_make_c_x_x_compiler_id_8cpp_1a2ae9b72bb13abaabfcf2ee0ba7d3fa1d">STRINGIFY_HELPER</link>(X)</para>
                    </listitem>
                </itemizedlist>
            </para>
            <para>
                <itemizedlist>
                    <listitem>
                            <para>#define <link linkend="_c_make_c_compiler_id_8c_1adbc5372f40838899018fadbc89bd588b">PLATFORM_ID</link></para>
                    </listitem>
                </itemizedlist>
            </para>
            <para>
                <itemizedlist>
                    <listitem>
                            <para>#define <link linkend="_c_make_c_compiler_id_8c_1aba35d0d200deaeb06aee95ca297acb28">ARCHITECTURE_ID</link></para>
                    </listitem>
                </itemizedlist>
            </para>
            <para>
                <itemizedlist>
                    <listitem>
                            <para>#define <link linkend="_c_make_c_compiler_id_8c_1ad1280362da42492bbc11aa78cbf776ad">DEC</link> (&apos;0&apos; + (((n) / 10000000)%10)), \
  (&apos;0&apos; + (((n) / 1000000)%10)),  \
  (&apos;0&apos; + (((n) / 100000)%10)),   \
  (&apos;0&apos; + (((n) / 10000)%10)),    \
  (&apos;0&apos; + (((n) / 1000)%10)),     \
  (&apos;0&apos; + (((n) / 100)%10)),      \
  (&apos;0&apos; + (((n) / 10)%10)),       \
  (&apos;0&apos; +  ((n) % 10))</para>
                    </listitem>
                </itemizedlist>
            </para>
            <para>
                <itemizedlist>
                    <listitem>
                            <para>#define <link linkend="_c_make_c_compiler_id_8c_1a46d5d95daa1bef867bd0179594310ed5">HEX</link> (&apos;0&apos; + ((n)&gt;&gt;28 &amp; 0xF)), \
  (&apos;0&apos; + ((n)&gt;&gt;24 &amp; 0xF)), \
  (&apos;0&apos; + ((n)&gt;&gt;20 &amp; 0xF)), \
  (&apos;0&apos; + ((n)&gt;&gt;16 &amp; 0xF)), \
  (&apos;0&apos; + ((n)&gt;&gt;12 &amp; 0xF)), \
  (&apos;0&apos; + ((n)&gt;&gt;8  &amp; 0xF)), \
  (&apos;0&apos; + ((n)&gt;&gt;4  &amp; 0xF)), \
  (&apos;0&apos; + ((n)     &amp; 0xF))</para>
                    </listitem>
                </itemizedlist>
            </para>
            <para>
                <itemizedlist>
                    <listitem>
                            <para>#define <link linkend="_c_make_c_compiler_id_8c_1a07f8e5783674099cd7f5110e22a78cdb">C_DIALECT</link></para>
                    </listitem>
                </itemizedlist>
            </para>
        </section>
        <section>
            <title>Variables</title>
            <para>
                <itemizedlist>
                    <listitem>
                        <para>char const  * <link linkend="_c_make_c_compiler_id_8c_1a4b0efeb7a5d59313986b3a0390f050f6">info_compiler</link></para>
                    </listitem>
                </itemizedlist>
            </para>
            <para>
                <itemizedlist>
                    <listitem>
                        <para>char const  * <link linkend="_c_make_c_compiler_id_8c_1a2321403dee54ee23f0c2fa849c60f7d4">info_platform</link></para>
                    </listitem>
                </itemizedlist>
            </para>
            <para>
                <itemizedlist>
                    <listitem>
                        <para>char const  * <link linkend="_c_make_c_compiler_id_8c_1a59647e99d304ed33b15cb284c27ed391">info_arch</link></para>
                    </listitem>
                </itemizedlist>
            </para>
            <para>
                <itemizedlist>
                    <listitem>
                        <para>const char * <link linkend="_c_make_c_compiler_id_8c_1a1ce162bad2fe6966ac8b33cc19e120b8">info_language_dialect_default</link></para>
                    </listitem>
                </itemizedlist>
            </para>
        </section>
        <section>
            <title>Functions</title>
            <para>
                <itemizedlist>
                    <listitem>
                        <para>int <link linkend="_c_make_c_compiler_id_8c_1a0ddf1224851353fc92bfbff6f499fa97">main</link> (
int argc, char * argv)</para>
                    </listitem>
                </itemizedlist>
            </para>
        </section>
    <simplesect>
        <title>Detailed Description</title>
    <para>Definition in file /home/jerry/catkin_ws/src/809Y_final_project_Group_5/build/CMakeFiles/3.10.2/CompilerIdC/CMakeCCompilerId.c</para>
    </simplesect>
</section>
