<?xml version='1.0' encoding='UTF-8' standalone='no'?>
<section xmlns="http://docbook.org/ns/docbook" version="5.0" xmlns:xlink="http://www.w3.org/1999/xlink" xml:id="_r_e_a_d_m_e_8md">
    <title>README.md File Reference</title>
<para>Include dependency diagram for README.md</para>
<para>
    <figure>
        <title>Dependency diagram</title>
        <mediaobject>
            <imageobject>
                <imagedata width="50%" align="center" valign="middle" scalefit="1" fileref="_r_e_a_d_m_e_8md__incl.png"></imagedata>
            </imageobject>
        </mediaobject>
    </figure>
</para>
<para>Included by dependency diagram for README.md</para>
<para>
    <figure>
        <title>Dependency diagram</title>
        <mediaobject>
            <imageobject>
                <imagedata width="50%" align="center" valign="middle" scalefit="1" fileref="_r_e_a_d_m_e_8md__dep__incl.png"></imagedata>
            </imageobject>
        </mediaobject>
    </figure>
</para>
    <simplesect>
        <title>Detailed Description</title>
    <para>Definition in file /home/jerry/catkin_ws/src/809Y_final_project_Group_5/README.md</para>
    </simplesect>
</section>
