<?xml version='1.0' encoding='UTF-8' standalone='no'?>
<section xmlns="http://docbook.org/ns/docbook" version="5.0" xmlns:xlink="http://www.w3.org/1999/xlink" xml:id="bot__action__client_8cpp">
    <title>bot_action_client.cpp File Reference</title>
    <programlisting>#include &lt;ros/ros.h&gt;</programlisting>
    <programlisting>#include &lt;actionlib/client/simple_action_client.h&gt;</programlisting>
    <programlisting>#include &lt;bot_msgs/MoveBotAction.h&gt;</programlisting>
    <programlisting>#include &lt;bot_msgs/MoveBotActionFeedback.h&gt;</programlisting>
<para>Include dependency diagram for bot_action_client.cpp</para>
<para>
    <figure>
        <title>Dependency diagram</title>
        <mediaobject>
            <imageobject>
                <imagedata width="50%" align="center" valign="middle" scalefit="1" fileref="bot__action__client_8cpp__incl.png"></imagedata>
            </imageobject>
        </mediaobject>
    </figure>
</para>
<para>Included by dependency diagram for bot_action_client.cpp</para>
<para>
    <figure>
        <title>Dependency diagram</title>
        <mediaobject>
            <imageobject>
                <imagedata width="50%" align="center" valign="middle" scalefit="1" fileref="bot__action__client_8cpp__dep__incl.png"></imagedata>
            </imageobject>
        </mediaobject>
    </figure>
</para>
        <section>
            <title>Functions</title>
            <para>
                <itemizedlist>
                    <listitem>
                        <para>void <link linkend="bot__action__client_8cpp_1aab7be9197e3cd755d54200a2b1bfb23c">done_callback</link> (
const actionlib::SimpleClientGoalState &amp; state, const bot_msgs::MoveBotResultConstPtr &amp; mb_result)</para>
                    </listitem>
                </itemizedlist>
            </para>
            <para>
                <itemizedlist>
                    <listitem>
                        <para>void <link linkend="bot__action__client_8cpp_1a2293aa97faf3a3549749c3984ca2b0dd">feedback_callback</link> (
const bot_msgs::MoveBotFeedbackConstPtr &amp; feedback)</para>
                    </listitem>
                </itemizedlist>
            </para>
            <para>
                <itemizedlist>
                    <listitem>
                        <para>void <link linkend="bot__action__client_8cpp_1aebeb524c8e497e19c23257e16702b58e">active_callback</link> (
)</para>
                    </listitem>
                </itemizedlist>
            </para>
            <para>
                <itemizedlist>
                    <listitem>
                        <para>int <link linkend="bot__action__client_8cpp_1a3c04138a5bfe5d72780bb7e82a18e627">main</link> (
int argc, char ** argv)</para>
                    </listitem>
                </itemizedlist>
            </para>
        </section>
    <simplesect>
        <title>Detailed Description</title>
    <para>Definition in file /home/jerry/catkin_ws/src/809Y_final_project_Group_5/final_project-main/src/bot_action_client.cpp</para>
    </simplesect>
</section>
