<?xml version='1.0' encoding='UTF-8' standalone='no'?>
<section xmlns="http://docbook.org/ns/docbook" version="5.0" xmlns:xlink="http://www.w3.org/1999/xlink" xml:id="bot__service__server_8cpp">
    <title>bot_service_server.cpp File Reference</title>
    <programlisting>#include &lt;ros/ros.h&gt;</programlisting>
    <programlisting>#include &lt;image_transport/image_transport.h&gt;</programlisting>
    <programlisting>#include &lt;cv_bridge/cv_bridge.h&gt;</programlisting>
    <programlisting>#include &lt;sensor_msgs/image_encodings.h&gt;</programlisting>
    <programlisting>#include &lt;opencv2/imgproc/imgproc.hpp&gt;</programlisting>
    <programlisting>#include &lt;opencv2/highgui/highgui.hpp&gt;</programlisting>
    <programlisting>#include &lt;bot_msgs/SnapPicture.h&gt;</programlisting>
    <programlisting>#include &lt;sensor_msgs/Image.h&gt;</programlisting>
<para>Include dependency diagram for bot_service_server.cpp</para>
<para>
    <figure>
        <title>Dependency diagram</title>
        <mediaobject>
            <imageobject>
                <imagedata width="50%" align="center" valign="middle" scalefit="1" fileref="bot__service__server_8cpp__incl.png"></imagedata>
            </imageobject>
        </mediaobject>
    </figure>
</para>
<para>Included by dependency diagram for bot_service_server.cpp</para>
<para>
    <figure>
        <title>Dependency diagram</title>
        <mediaobject>
            <imageobject>
                <imagedata width="50%" align="center" valign="middle" scalefit="1" fileref="bot__service__server_8cpp__dep__incl.png"></imagedata>
            </imageobject>
        </mediaobject>
    </figure>
</para>
        <section>
            <title>Variables</title>
            <para>
                <itemizedlist>
                    <listitem>
                        <para>cv_bridge::CvImagePtr <link linkend="bot__service__server_8cpp_1a46a054ab4fc737d95a4b5555d51a761c">cv_ptr</link></para>
                    </listitem>
                </itemizedlist>
            </para>
        </section>
        <section>
            <title>Functions</title>
            <para>
                <itemizedlist>
                    <listitem>
                        <para>bool <link linkend="bot__service__server_8cpp_1a25800f5f9021e14ca862ffa7f01f9020">snap_picture_service_callback</link> (
bot_msgs::SnapPicture::Request &amp; request, bot_msgs::SnapPicture::Response &amp; response)</para>
                    </listitem>
                </itemizedlist>
            </para>
            <para>
                <itemizedlist>
                    <listitem>
                        <para>void <link linkend="bot__service__server_8cpp_1aad738bad1c37a6d5f963820243c43cf6">camera_image_topic_callback</link> (
const sensor_msgs::Image::ConstPtr &amp; img_msg)</para>
                    </listitem>
                </itemizedlist>
            </para>
            <para>
                <itemizedlist>
                    <listitem>
                        <para>int <link linkend="bot__service__server_8cpp_1a3c04138a5bfe5d72780bb7e82a18e627">main</link> (
int argc, char ** argv)</para>
                    </listitem>
                </itemizedlist>
            </para>
        </section>
    <simplesect>
        <title>Detailed Description</title>
    <para>Definition in file /home/jerry/catkin_ws/src/809Y_final_project_Group_5/final_project-main/src/bot_service_server.cpp</para>
    </simplesect>
</section>
