<?xml version='1.0' encoding='UTF-8' standalone='no'?>
<section xmlns="http://docbook.org/ns/docbook" version="5.0" xmlns:xlink="http://www.w3.org/1999/xlink" xml:id="dir_7f7e439ba0927089503219129b4cf038">
    <title>build/CMakeFiles/3.10.2 Directory Reference</title>
<para>Directory dependency diagram for build/CMakeFiles/3.10.2</para>
<para>
    <figure>
        <title>Directory Dependency diagram</title>
        <mediaobject>
            <imageobject>
                <imagedata width="50%" align="center" valign="middle" scalefit="1" fileref="dir_7f7e439ba0927089503219129b4cf038_dep.png"></imagedata>
            </imageobject>
        </mediaobject>
    </figure>
</para>
        <simplesect>
            <title> Directories </title>
            <para>
                <itemizedlist>
                    <listitem>
                        <para>dir <link linkend="dir_cf779efadf30e9c7d82da7dbe2eb33f7">build/CMakeFiles/3.10.2/CompilerIdC</link></para>
                    </listitem>
                </itemizedlist>
            </para>
            <para>
                <itemizedlist>
                    <listitem>
                        <para>dir <link linkend="dir_5280bb524ed5294135fd93e0b12dbd44">build/CMakeFiles/3.10.2/CompilerIdCXX</link></para>
                    </listitem>
                </itemizedlist>
            </para>
        </simplesect>
    <simplesect>
        <title>Detailed Description</title>
    <para>Directory location is /home/jerry/catkin_ws/src/809Y_final_project_Group_5/build/CMakeFiles/3.10.2/</para>
    </simplesect>
</section>
