<?xml version='1.0' encoding='UTF-8' standalone='no'?>
<section xmlns="http://docbook.org/ns/docbook" version="5.0" xmlns:xlink="http://www.w3.org/1999/xlink" xml:id="dir_d44c64559bbebec7f509842c48db8b23">
    <title>include Directory Reference</title>
<para>Directory dependency diagram for include</para>
<para>
    <figure>
        <title>Directory Dependency diagram</title>
        <mediaobject>
            <imageobject>
                <imagedata width="50%" align="center" valign="middle" scalefit="1" fileref="dir_d44c64559bbebec7f509842c48db8b23_dep.png"></imagedata>
            </imageobject>
        </mediaobject>
    </figure>
</para>
        <simplesect>
            <title> Directories </title>
            <para>
                <itemizedlist>
                    <listitem>
                        <para>dir <link linkend="dir_3e12035cddfeaa64c71eb203d54d0f88">include/explorer</link></para>
                    </listitem>
                </itemizedlist>
            </para>
            <para>
                <itemizedlist>
                    <listitem>
                        <para>dir <link linkend="dir_8fbd8703e80f231efb1b7b3743506c21">include/follower</link></para>
                    </listitem>
                </itemizedlist>
            </para>
        </simplesect>
    <simplesect>
        <title>Detailed Description</title>
    <para>Directory location is /home/jerry/catkin_ws/src/809Y_final_project_Group_5/include/</para>
    </simplesect>
</section>
