<?xml version='1.0' encoding='UTF-8' standalone='no'?>
<section xmlns="http://docbook.org/ns/docbook" version="5.0" xmlns:xlink="http://www.w3.org/1999/xlink" xml:id="dir_a3370ebb1a2f6a1b17d2c2e0b5997f46">
    <title>build/final_project-main/catkin_generated Directory Reference</title>
<para>Directory dependency diagram for build/final_project-main/catkin_generated</para>
<para>
    <figure>
        <title>Directory Dependency diagram</title>
        <mediaobject>
            <imageobject>
                <imagedata width="50%" align="center" valign="middle" scalefit="1" fileref="dir_a3370ebb1a2f6a1b17d2c2e0b5997f46_dep.png"></imagedata>
            </imageobject>
        </mediaobject>
    </figure>
</para>
        <simplesect>
            <title> File </title>
            <para>
                <itemizedlist>
                    <listitem>
                        <para>file <link linkend="pkg_8develspace_8context_8pc_8py">pkg.develspace.context.pc.py</link></para>
                    </listitem>
                </itemizedlist>
            </para>
            <para>
                <itemizedlist>
                    <listitem>
                        <para>file <link linkend="pkg_8installspace_8context_8pc_8py">pkg.installspace.context.pc.py</link></para>
                    </listitem>
                </itemizedlist>
            </para>
        </simplesect>
    <simplesect>
        <title>Detailed Description</title>
    <para>Directory location is /home/jerry/catkin_ws/src/809Y_final_project_Group_5/build/final_project-main/catkin_generated/</para>
    </simplesect>
</section>
