<?xml version='1.0' encoding='UTF-8' standalone='no'?>
<section xmlns="http://docbook.org/ns/docbook" version="5.0" xmlns:xlink="http://www.w3.org/1999/xlink" xml:id="dir_63772b626f2709090f0bdca0f40827b4">
    <title>build/CMakeFiles Directory Reference</title>
<para>Directory dependency diagram for build/CMakeFiles</para>
<para>
    <figure>
        <title>Directory Dependency diagram</title>
        <mediaobject>
            <imageobject>
                <imagedata width="50%" align="center" valign="middle" scalefit="1" fileref="dir_63772b626f2709090f0bdca0f40827b4_dep.png"></imagedata>
            </imageobject>
        </mediaobject>
    </figure>
</para>
        <simplesect>
            <title> Directories </title>
            <para>
                <itemizedlist>
                    <listitem>
                        <para>dir <link linkend="dir_7f7e439ba0927089503219129b4cf038">build/CMakeFiles/3.10.2</link></para>
                    </listitem>
                </itemizedlist>
            </para>
        </simplesect>
        <simplesect>
            <title> File </title>
            <para>
                <itemizedlist>
                    <listitem>
                        <para>file <link linkend="feature__tests_8c">feature_tests.c</link></para>
                    </listitem>
                </itemizedlist>
            </para>
            <para>
                <itemizedlist>
                    <listitem>
                        <para>file <link linkend="feature__tests_8cxx">feature_tests.cxx</link></para>
                    </listitem>
                </itemizedlist>
            </para>
        </simplesect>
    <simplesect>
        <title>Detailed Description</title>
    <para>Directory location is /home/jerry/catkin_ws/src/809Y_final_project_Group_5/build/CMakeFiles/</para>
    </simplesect>
</section>
