<?xml version='1.0' encoding='UTF-8' standalone='no'?>
<section xmlns="http://docbook.org/ns/docbook" version="5.0" xmlns:xlink="http://www.w3.org/1999/xlink" xml:id="dir_ebf1879768d60c89c940d76166fa9f16">
    <title>include/bot_controller Directory Reference</title>
<para>Directory dependency diagram for include/bot_controller</para>
<para>
    <figure>
        <title>Directory Dependency diagram</title>
        <mediaobject>
            <imageobject>
                <imagedata width="50%" align="center" valign="middle" scalefit="1" fileref="dir_ebf1879768d60c89c940d76166fa9f16_dep.png"></imagedata>
            </imageobject>
        </mediaobject>
    </figure>
</para>
        <simplesect>
            <title> File </title>
            <para>
                <itemizedlist>
                    <listitem>
                        <para>file <link linkend="bot__controller_8h">bot_controller.h</link></para>
                    </listitem>
                </itemizedlist>
            </para>
        </simplesect>
    <simplesect>
        <title>Detailed Description</title>
    <para>Directory location is /home/jerry/catkin_ws/src/809Y_final_project_Group_5/final_project-main/include/bot_controller/</para>
    </simplesect>
</section>
