<?xml version='1.0' encoding='UTF-8' standalone='no'?>
<section xmlns="http://docbook.org/ns/docbook" version="5.0" xmlns:xlink="http://www.w3.org/1999/xlink" xml:id="dir_4fef79e7177ba769987a8da36c892c5f">
    <title>build Directory Reference</title>
<para>Directory dependency diagram for build</para>
<para>
    <figure>
        <title>Directory Dependency diagram</title>
        <mediaobject>
            <imageobject>
                <imagedata width="50%" align="center" valign="middle" scalefit="1" fileref="dir_4fef79e7177ba769987a8da36c892c5f_dep.png"></imagedata>
            </imageobject>
        </mediaobject>
    </figure>
</para>
        <simplesect>
            <title> Directories </title>
            <para>
                <itemizedlist>
                    <listitem>
                        <para>dir <link linkend="dir_738c8aa55f7d1b46d5d705b1c6094172">build/atomic_configure</link></para>
                    </listitem>
                </itemizedlist>
            </para>
            <para>
                <itemizedlist>
                    <listitem>
                        <para>dir <link linkend="dir_53c6125ef8c0c1b69795abdae41dd811">build/catkin_generated</link></para>
                    </listitem>
                </itemizedlist>
            </para>
            <para>
                <itemizedlist>
                    <listitem>
                        <para>dir <link linkend="dir_63772b626f2709090f0bdca0f40827b4">build/CMakeFiles</link></para>
                    </listitem>
                </itemizedlist>
            </para>
            <para>
                <itemizedlist>
                    <listitem>
                        <para>dir <link linkend="dir_ea4018cc52a30014e5a675b21f0525a0">build/devel</link></para>
                    </listitem>
                </itemizedlist>
            </para>
            <para>
                <itemizedlist>
                    <listitem>
                        <para>dir <link linkend="dir_2b99c6e0dbb3febd390594074920b17f">build/final_project-main</link></para>
                    </listitem>
                </itemizedlist>
            </para>
        </simplesect>
    <simplesect>
        <title>Detailed Description</title>
    <para>Directory location is /home/jerry/catkin_ws/src/809Y_final_project_Group_5/build/</para>
    </simplesect>
</section>
