<?xml version='1.0' encoding='UTF-8' standalone='no'?>
<section xmlns="http://docbook.org/ns/docbook" version="5.0" xmlns:xlink="http://www.w3.org/1999/xlink" xml:id="dir_53c6125ef8c0c1b69795abdae41dd811">
    <title>build/catkin_generated Directory Reference</title>
<para>Directory dependency diagram for build/catkin_generated</para>
<para>
    <figure>
        <title>Directory Dependency diagram</title>
        <mediaobject>
            <imageobject>
                <imagedata width="50%" align="center" valign="middle" scalefit="1" fileref="dir_53c6125ef8c0c1b69795abdae41dd811_dep.png"></imagedata>
            </imageobject>
        </mediaobject>
    </figure>
</para>
        <simplesect>
            <title> Directories </title>
            <para>
                <itemizedlist>
                    <listitem>
                        <para>dir <link linkend="dir_9eca91ca188f7f38e95fe05c42197164">build/catkin_generated/installspace</link></para>
                    </listitem>
                </itemizedlist>
            </para>
        </simplesect>
        <simplesect>
            <title> File </title>
            <para>
                <itemizedlist>
                    <listitem>
                        <para>file <link linkend="generate__cached__setup_8py">generate_cached_setup.py</link></para>
                    </listitem>
                </itemizedlist>
            </para>
            <para>
                <itemizedlist>
                    <listitem>
                        <para>file <link linkend="order__packages_8py">order_packages.py</link></para>
                    </listitem>
                </itemizedlist>
            </para>
        </simplesect>
    <simplesect>
        <title>Detailed Description</title>
    <para>Directory location is /home/jerry/catkin_ws/src/809Y_final_project_Group_5/build/catkin_generated/</para>
    </simplesect>
</section>
