<?xml version='1.0' encoding='UTF-8' standalone='no'?>
<section xmlns="http://docbook.org/ns/docbook" version="5.0" xmlns:xlink="http://www.w3.org/1999/xlink" xml:id="dir_5280bb524ed5294135fd93e0b12dbd44">
    <title>build/CMakeFiles/3.10.2/CompilerIdCXX Directory Reference</title>
<para>Directory dependency diagram for build/CMakeFiles/3.10.2/CompilerIdCXX</para>
<para>
    <figure>
        <title>Directory Dependency diagram</title>
        <mediaobject>
            <imageobject>
                <imagedata width="50%" align="center" valign="middle" scalefit="1" fileref="dir_5280bb524ed5294135fd93e0b12dbd44_dep.png"></imagedata>
            </imageobject>
        </mediaobject>
    </figure>
</para>
        <simplesect>
            <title> File </title>
            <para>
                <itemizedlist>
                    <listitem>
                        <para>file <link linkend="_c_make_c_x_x_compiler_id_8cpp">CMakeCXXCompilerId.cpp</link></para>
                    </listitem>
                </itemizedlist>
            </para>
        </simplesect>
    <simplesect>
        <title>Detailed Description</title>
    <para>Directory location is /home/jerry/catkin_ws/src/809Y_final_project_Group_5/build/CMakeFiles/3.10.2/CompilerIdCXX/</para>
    </simplesect>
</section>
