<?xml version='1.0' encoding='UTF-8' standalone='no'?>
<section xmlns="http://docbook.org/ns/docbook" version="5.0" xmlns:xlink="http://www.w3.org/1999/xlink" xml:id="dir_ea4018cc52a30014e5a675b21f0525a0">
    <title>build/devel Directory Reference</title>
<para>Directory dependency diagram for build/devel</para>
<para>
    <figure>
        <title>Directory Dependency diagram</title>
        <mediaobject>
            <imageobject>
                <imagedata width="50%" align="center" valign="middle" scalefit="1" fileref="dir_ea4018cc52a30014e5a675b21f0525a0_dep.png"></imagedata>
            </imageobject>
        </mediaobject>
    </figure>
</para>
        <simplesect>
            <title> File </title>
            <para>
                <itemizedlist>
                    <listitem>
                        <para>file <link linkend="devel_2__setup__util_8py">_setup_util.py</link></para>
                    </listitem>
                </itemizedlist>
            </para>
        </simplesect>
    <simplesect>
        <title>Detailed Description</title>
    <para>Directory location is /home/jerry/catkin_ws/src/809Y_final_project_Group_5/build/devel/</para>
    </simplesect>
</section>
