<?xml version='1.0' encoding='UTF-8' standalone='no'?>
<section xmlns="http://docbook.org/ns/docbook" version="5.0" xmlns:xlink="http://www.w3.org/1999/xlink" xml:id="pkg_8installspace_8context_8pc_8py">
    <title>pkg.installspace.context.pc.py File Reference</title>
<para>Include dependency diagram for pkg.installspace.context.pc.py</para>
<para>
    <figure>
        <title>Dependency diagram</title>
        <mediaobject>
            <imageobject>
                <imagedata width="50%" align="center" valign="middle" scalefit="1" fileref="pkg_8installspace_8context_8pc_8py__incl.png"></imagedata>
            </imageobject>
        </mediaobject>
    </figure>
</para>
<para>Included by dependency diagram for pkg.installspace.context.pc.py</para>
<para>
    <figure>
        <title>Dependency diagram</title>
        <mediaobject>
            <imageobject>
                <imagedata width="50%" align="center" valign="middle" scalefit="1" fileref="pkg_8installspace_8context_8pc_8py__dep__incl.png"></imagedata>
            </imageobject>
        </mediaobject>
    </figure>
</para>
        <simplesect>
            <title> Namespaces </title>
            <para>
                <itemizedlist>
                    <listitem>
                        <para>struct <link linkend="namespacepkg">pkg</link></para>
                    </listitem>
                </itemizedlist>
            </para>
        </simplesect>
    <simplesect>
        <title>Detailed Description</title>
    <para>Definition in file /home/jerry/catkin_ws/src/809Y_final_project_Group_5/build/final_project-main/catkin_generated/pkg.installspace.context.pc.py</para>
    </simplesect>
</section>
